{
  "best_model": {
    "overall": 0.05642385499859191,
    "potential": 0.005283892481657138,
    "value_eur": 0.017674243812437863,
    "wage_eur": 0.09521116783917637,
    "age": 0.008630802971899075,
    "international_reputation": 0.0024579619401999394,
    "shooting": 0.00526373993373013,
    "passing": 0.002934227435859961,
    "dribbling": 0.003663225055304157,
    "defending": 0.004730634479225344,
    "physic": 0.008959073244913225,
    "league_level": 0.0,
    "movement_reactions": 0.0465274491455926,
    "mentality_composure": 0.014589212364022146,
    "release_clause_eur": 0.007147227334125797,
    "appearances": 0.003631423911081457,
    "minutes": 0.01143824061399687,
    "rating": 0.010458249930231693,
    "goals": 0.0024355579660870455,
    "assists": 0.001274298148268883,
    "market_value_eur": 0.017953083203926114,
    "preferred_foot": 0.0012813547104080785,
    "pos_Defender": 0.0007424180509218772,
    "pos_Goalkeeper": 3.762963949798276e-05,
    "pos_Midfielder": 0.0014085298211822391,
    "log_value_eur": 0.012896139902400855,
    "log_wage_eur": 0.0856739787741583,
    "log_market_value": 0.016122471182494633,
    "log_release_clause": 0.006034768706591593,
    "goals_per_90": 0.004560946099032785,
    "assists_per_90": 0.00969071484764451,
    "goal_contributions": 0.0037049984636478854,
    "age_squared": 0.009847207283818497,
    "overall_x_reputation": 0.4892394847692597,
    "value_per_overall": 0.015684407931971237,
    "wage_to_value_ratio": 0.016387383006642036
  },
  "rf_model": {
    "overall": 0.0675524125558093,
    "potential": 0.0018360942257973872,
    "value_eur": 0.013747534302312603,
    "wage_eur": 0.0974993100399924,
    "age": 0.002724164371528357,
    "international_reputation": 0.001570203979263911,
    "shooting": 0.002864012246386442,
    "passing": 0.0017984693926259754,
    "dribbling": 0.0017483621619719955,
    "defending": 0.0023845591240149225,
    "physic": 0.005235999705884665,
    "league_level": 0.0,
    "movement_reactions": 0.01527663204543038,
    "mentality_composure": 0.006000961991319557,
    "release_clause_eur": 0.005014396908981961,
    "appearances": 0.0022377186467394342,
    "minutes": 0.00660947247825055,
    "rating": 0.004150146411565441,
    "goals": 0.0005733107991286392,
    "assists": 0.0004205181890699347,
    "market_value_eur": 0.007196924176913473,
    "preferred_foot": 0.0005992535233717184,
    "pos_Defender": 0.0005478986788844495,
    "pos_Goalkeeper": 0.0,
    "pos_Midfielder": 0.000965647120458921,
    "log_value_eur": 0.015628910325441576,
    "log_wage_eur": 0.09461748487529817,
    "log_market_value": 0.007233702553487214,
    "log_release_clause": 0.0054824084295250815,
    "goals_per_90": 0.0026222402120918737,
    "assists_per_90": 0.005526747821821414,
    "goal_contributions": 0.0019305600765390151,
    "age_squared": 0.0028730706976026854,
    "overall_x_reputation": 0.5991325682539679,
    "value_per_overall": 0.011705398279780127,
    "wage_to_value_ratio": 0.0046929053987425084
  }
}